Dataset_Setting,Model_Setting,Data_Name,Num_Symbols,N_Order,Model_Type,Attention_Only,PE_Type,Use_Residual,Layers,Heads,Embed_Dim,LR,Final_Sample_CE,Final_Theory_CE,Final_Sample_KL,Final_Theory_KL
HMM_V2_O2,L2_H1_D16_performer_AttnOnlyTrue_PE-absolute_ResTrue_LR0.0005,HMM,2,2,performer,True,absolute,True,2,1,16,0.0005,1.040511,1.029065,1.040511,0.562600
HMM_V2_O2,L2_H2_D16_performer_AttnOnlyTrue_PE-absolute_ResTrue_LR0.0005,HMM,2,2,performer,True,absolute,True,2,2,16,0.0005,0.717520,0.718436,0.717520,0.048364
HMM_V2_O2,L2_H1_D16_performer_AttnOnlyTrue_PE-absolute_ResFalse_LR0.0005,HMM,2,2,performer,True,absolute,False,2,1,16,0.0005,0.658967,0.653010,0.658967,0.117542
HMM_V2_O2,L2_H2_D16_performer_AttnOnlyTrue_PE-absolute_ResFalse_LR0.0005,HMM,2,2,performer,True,absolute,False,2,2,16,0.0005,0.712472,0.718406,0.712472,0.030321
HMM_V2_O2,L2_H1_D16_performer_AttnOnlyTrue_PE-rope_ResTrue_LR0.0005,HMM,2,2,performer,True,rope,True,2,1,16,0.0005,0.858637,0.854213,0.858637,0.311327
HMM_V2_O2,L2_H2_D16_performer_AttnOnlyTrue_PE-rope_ResTrue_LR0.0005,HMM,2,2,performer,True,rope,True,2,2,16,0.0005,0.631427,0.633774,0.631427,0.090795
HMM_V2_O2,L2_H1_D16_performer_AttnOnlyTrue_PE-rope_ResFalse_LR0.0005,HMM,2,2,performer,True,rope,False,2,1,16,0.0005,0.714921,0.705783,0.714921,0.089539
HMM_V2_O2,L2_H2_D16_performer_AttnOnlyTrue_PE-rope_ResFalse_LR0.0005,HMM,2,2,performer,True,rope,False,2,2,16,0.0005,1.013120,1.012971,1.013120,0.449991
HMM_V2_O2,L2_H1_D16_performer_AttnOnlyFalse_PE-absolute_ResTrue_LR0.0005,HMM,2,2,performer,False,absolute,True,2,1,16,0.0005,0.642587,0.641655,0.642587,0.114769
HMM_V2_O2,L2_H2_D16_performer_AttnOnlyFalse_PE-absolute_ResTrue_LR0.0005,HMM,2,2,performer,False,absolute,True,2,2,16,0.0005,0.846300,0.845042,0.846300,0.300958
HMM_V2_O2,L2_H1_D16_performer_AttnOnlyFalse_PE-absolute_ResFalse_LR0.0005,HMM,2,2,performer,False,absolute,False,2,1,16,0.0005,0.667067,0.679069,0.667067,0.097344
HMM_V2_O2,L2_H2_D16_performer_AttnOnlyFalse_PE-absolute_ResFalse_LR0.0005,HMM,2,2,performer,False,absolute,False,2,2,16,0.0005,0.724227,0.720386,0.724227,0.094558
HMM_V2_O2,L2_H1_D16_performer_AttnOnlyFalse_PE-rope_ResTrue_LR0.0005,HMM,2,2,performer,False,rope,True,2,1,16,0.0005,0.781728,0.786052,0.781728,0.113536
HMM_V2_O2,L2_H2_D16_performer_AttnOnlyFalse_PE-rope_ResTrue_LR0.0005,HMM,2,2,performer,False,rope,True,2,2,16,0.0005,0.716371,0.713991,0.716371,0.034674
HMM_V2_O2,L2_H1_D16_performer_AttnOnlyFalse_PE-rope_ResFalse_LR0.0005,HMM,2,2,performer,False,rope,False,2,1,16,0.0005,0.838358,0.837677,0.838358,0.369795
HMM_V2_O2,L2_H2_D16_performer_AttnOnlyFalse_PE-rope_ResFalse_LR0.0005,HMM,2,2,performer,False,rope,False,2,2,16,0.0005,1.671435,1.680553,1.671435,1.245226
HMM_V2_O2,L2_H1_D16_standard_AttnOnlyTrue_PE-absolute_ResTrue_LR0.0005,HMM,2,2,standard,True,absolute,True,2,1,16,0.0005,0.677233,0.678467,0.677233,0.020311
HMM_V2_O2,L2_H2_D16_standard_AttnOnlyTrue_PE-absolute_ResTrue_LR0.0005,HMM,2,2,standard,True,absolute,True,2,2,16,0.0005,0.648906,0.643529,0.648905,0.039334
HMM_V2_O2,L2_H1_D16_standard_AttnOnlyTrue_PE-absolute_ResFalse_LR0.0005,HMM,2,2,standard,True,absolute,False,2,1,16,0.0005,1.005955,0.995370,1.005955,0.391653
HMM_V2_O2,L2_H2_D16_standard_AttnOnlyTrue_PE-absolute_ResFalse_LR0.0005,HMM,2,2,standard,True,absolute,False,2,2,16,0.0005,0.789952,0.784503,0.789952,0.105648
HMM_V2_O2,L2_H1_D16_standard_AttnOnlyTrue_PE-rpe_ResTrue_LR0.0005,HMM,2,2,standard,True,rpe,True,2,1,16,0.0005,0.842402,0.837688,0.842402,0.275459
HMM_V2_O2,L2_H2_D16_standard_AttnOnlyTrue_PE-rpe_ResTrue_LR0.0005,HMM,2,2,standard,True,rpe,True,2,2,16,0.0005,0.693356,0.694606,0.693356,0.266194
HMM_V2_O2,L2_H1_D16_standard_AttnOnlyTrue_PE-rpe_ResFalse_LR0.0005,HMM,2,2,standard,True,rpe,False,2,1,16,0.0005,0.614937,0.617218,0.614937,0.053021
HMM_V2_O2,L2_H2_D16_standard_AttnOnlyTrue_PE-rpe_ResFalse_LR0.0005,HMM,2,2,standard,True,rpe,False,2,2,16,0.0005,0.824554,0.835176,0.824554,0.252211
HMM_V2_O2,L2_H1_D16_standard_AttnOnlyTrue_PE-rope_ResTrue_LR0.0005,HMM,2,2,standard,True,rope,True,2,1,16,0.0005,0.858494,0.861602,0.858494,0.242899
HMM_V2_O2,L2_H2_D16_standard_AttnOnlyTrue_PE-rope_ResTrue_LR0.0005,HMM,2,2,standard,True,rope,True,2,2,16,0.0005,1.117317,1.119408,1.117317,0.581484
HMM_V2_O2,L2_H1_D16_standard_AttnOnlyTrue_PE-rope_ResFalse_LR0.0005,HMM,2,2,standard,True,rope,False,2,1,16,0.0005,1.446638,1.430681,1.446638,0.817296
HMM_V2_O2,L2_H2_D16_standard_AttnOnlyTrue_PE-rope_ResFalse_LR0.0005,HMM,2,2,standard,True,rope,False,2,2,16,0.0005,0.963230,0.963364,0.963230,0.288893
HMM_V2_O2,L2_H1_D16_standard_AttnOnlyFalse_PE-absolute_ResTrue_LR0.0005,HMM,2,2,standard,False,absolute,True,2,1,16,0.0005,0.754161,0.755774,0.754161,0.179661
HMM_V2_O2,L2_H2_D16_standard_AttnOnlyFalse_PE-absolute_ResTrue_LR0.0005,HMM,2,2,standard,False,absolute,True,2,2,16,0.0005,0.648183,0.643804,0.648183,0.059731
HMM_V2_O2,L2_H1_D16_standard_AttnOnlyFalse_PE-absolute_ResFalse_LR0.0005,HMM,2,2,standard,False,absolute,False,2,1,16,0.0005,0.735383,0.730706,0.735383,0.056269
HMM_V2_O2,L2_H2_D16_standard_AttnOnlyFalse_PE-absolute_ResFalse_LR0.0005,HMM,2,2,standard,False,absolute,False,2,2,16,0.0005,2.183393,2.202207,2.183392,1.748505
HMM_V2_O2,L2_H1_D16_standard_AttnOnlyFalse_PE-rpe_ResTrue_LR0.0005,HMM,2,2,standard,False,rpe,True,2,1,16,0.0005,0.637347,0.644954,0.637347,0.187469
HMM_V2_O2,L2_H2_D16_standard_AttnOnlyFalse_PE-rpe_ResTrue_LR0.0005,HMM,2,2,standard,False,rpe,True,2,2,16,0.0005,0.693649,0.691442,0.693649,0.019345
HMM_V2_O2,L2_H1_D16_standard_AttnOnlyFalse_PE-rpe_ResFalse_LR0.0005,HMM,2,2,standard,False,rpe,False,2,1,16,0.0005,1.035227,1.029782,1.035227,0.366666
HMM_V2_O2,L2_H2_D16_standard_AttnOnlyFalse_PE-rpe_ResFalse_LR0.0005,HMM,2,2,standard,False,rpe,False,2,2,16,0.0005,1.046389,1.043033,1.046389,0.555605
HMM_V2_O2,L2_H1_D16_standard_AttnOnlyFalse_PE-rope_ResTrue_LR0.0005,HMM,2,2,standard,False,rope,True,2,1,16,0.0005,1.011955,1.034452,1.011955,0.376552
HMM_V2_O2,L2_H2_D16_standard_AttnOnlyFalse_PE-rope_ResTrue_LR0.0005,HMM,2,2,standard,False,rope,True,2,2,16,0.0005,0.642853,0.640188,0.642853,0.161019
HMM_V2_O2,L2_H1_D16_standard_AttnOnlyFalse_PE-rope_ResFalse_LR0.0005,HMM,2,2,standard,False,rope,False,2,1,16,0.0005,1.833946,1.800783,1.833946,1.152160
HMM_V2_O2,L2_H2_D16_standard_AttnOnlyFalse_PE-rope_ResFalse_LR0.0005,HMM,2,2,standard,False,rope,False,2,2,16,0.0005,0.920917,0.920599,0.920917,0.276860
HMM_V2_O2,L2_H1_D16_linear_AttnOnlyTrue_PE-absolute_ResTrue_LR0.0005,HMM,2,2,linear,True,absolute,True,2,1,16,0.0005,1.595668,1.560155,1.595668,0.905546
HMM_V2_O2,L2_H2_D16_linear_AttnOnlyTrue_PE-absolute_ResTrue_LR0.0005,HMM,2,2,linear,True,absolute,True,2,2,16,0.0005,1.217677,1.208830,1.217677,0.653664
HMM_V2_O2,L2_H1_D16_linear_AttnOnlyTrue_PE-absolute_ResFalse_LR0.0005,HMM,2,2,linear,True,absolute,False,2,1,16,0.0005,1.264782,1.264959,1.264782,0.771690
HMM_V2_O2,L2_H2_D16_linear_AttnOnlyTrue_PE-absolute_ResFalse_LR0.0005,HMM,2,2,linear,True,absolute,False,2,2,16,0.0005,0.718317,0.716197,0.718317,0.060705
HMM_V2_O2,L2_H1_D16_linear_AttnOnlyTrue_PE-rope_ResTrue_LR0.0005,HMM,2,2,linear,True,rope,True,2,1,16,0.0005,1.005668,0.993751,1.005668,0.321181
HMM_V2_O2,L2_H2_D16_linear_AttnOnlyTrue_PE-rope_ResTrue_LR0.0005,HMM,2,2,linear,True,rope,True,2,2,16,0.0005,0.716520,0.714610,0.716520,0.064282
HMM_V2_O2,L2_H1_D16_linear_AttnOnlyTrue_PE-rope_ResFalse_LR0.0005,HMM,2,2,linear,True,rope,False,2,1,16,0.0005,0.515935,0.518299,0.515935,0.147284
HMM_V2_O2,L2_H2_D16_linear_AttnOnlyTrue_PE-rope_ResFalse_LR0.0005,HMM,2,2,linear,True,rope,False,2,2,16,0.0005,0.615118,0.613346,0.615118,0.206378
HMM_V2_O2,L2_H1_D16_linear_AttnOnlyFalse_PE-absolute_ResTrue_LR0.0005,HMM,2,2,linear,False,absolute,True,2,1,16,0.0005,0.757078,0.756931,0.757078,0.098231
HMM_V2_O2,L2_H2_D16_linear_AttnOnlyFalse_PE-absolute_ResTrue_LR0.0005,HMM,2,2,linear,False,absolute,True,2,2,16,0.0005,0.821824,0.819583,0.821824,0.419837
HMM_V2_O2,L2_H1_D16_linear_AttnOnlyFalse_PE-absolute_ResFalse_LR0.0005,HMM,2,2,linear,False,absolute,False,2,1,16,0.0005,1.301437,1.294247,1.301437,0.733785
HMM_V2_O2,L2_H2_D16_linear_AttnOnlyFalse_PE-absolute_ResFalse_LR0.0005,HMM,2,2,linear,False,absolute,False,2,2,16,0.0005,0.644912,0.679057,0.644912,0.094141
HMM_V2_O2,L2_H1_D16_linear_AttnOnlyFalse_PE-rope_ResTrue_LR0.0005,HMM,2,2,linear,False,rope,True,2,1,16,0.0005,0.573725,0.565443,0.573725,0.019940
HMM_V2_O2,L2_H2_D16_linear_AttnOnlyFalse_PE-rope_ResTrue_LR0.0005,HMM,2,2,linear,False,rope,True,2,2,16,0.0005,0.663887,0.664948,0.663887,0.124226
HMM_V2_O2,L2_H1_D16_linear_AttnOnlyFalse_PE-rope_ResFalse_LR0.0005,HMM,2,2,linear,False,rope,False,2,1,16,0.0005,1.140494,1.139468,1.140494,0.514325
HMM_V2_O2,L2_H2_D16_linear_AttnOnlyFalse_PE-rope_ResFalse_LR0.0005,HMM,2,2,linear,False,rope,False,2,2,16,0.0005,1.866506,1.882829,1.866506,1.190559
HMM_V2_O2,L1_H1_D16_performer_AttnOnlyTrue_PE-absolute_ResTrue_LR0.0005,HMM,2,2,performer,True,absolute,True,1,1,16,0.0005,0.753214,0.741903,0.753214,0.108369
HMM_V2_O2,L1_H2_D16_performer_AttnOnlyTrue_PE-absolute_ResTrue_LR0.0005,HMM,2,2,performer,True,absolute,True,1,2,16,0.0005,0.773023,0.774098,0.773023,0.145521
HMM_V2_O2,L1_H1_D16_performer_AttnOnlyTrue_PE-absolute_ResFalse_LR0.0005,HMM,2,2,performer,True,absolute,False,1,1,16,0.0005,0.564678,0.559072,0.564678,0.122719
HMM_V2_O2,L1_H2_D16_performer_AttnOnlyTrue_PE-absolute_ResFalse_LR0.0005,HMM,2,2,performer,True,absolute,False,1,2,16,0.0005,0.669066,0.673078,0.669066,0.084265
HMM_V2_O2,L1_H1_D16_performer_AttnOnlyTrue_PE-rope_ResTrue_LR0.0005,HMM,2,2,performer,True,rope,True,1,1,16,0.0005,0.679767,0.677798,0.679767,0.067694
HMM_V2_O2,L1_H2_D16_performer_AttnOnlyTrue_PE-rope_ResTrue_LR0.0005,HMM,2,2,performer,True,rope,True,1,2,16,0.0005,0.844107,0.845226,0.844107,0.176383
HMM_V2_O2,L1_H1_D16_performer_AttnOnlyTrue_PE-rope_ResFalse_LR0.0005,HMM,2,2,performer,True,rope,False,1,1,16,0.0005,0.717343,0.717960,0.717343,0.046814
HMM_V2_O2,L1_H2_D16_performer_AttnOnlyTrue_PE-rope_ResFalse_LR0.0005,HMM,2,2,performer,True,rope,False,1,2,16,0.0005,0.687296,0.687222,0.687296,0.349838
HMM_V2_O2,L1_H1_D16_performer_AttnOnlyFalse_PE-absolute_ResTrue_LR0.0005,HMM,2,2,performer,False,absolute,True,1,1,16,0.0005,0.828700,0.829671,0.828700,0.778611
HMM_V2_O2,L1_H2_D16_performer_AttnOnlyFalse_PE-absolute_ResTrue_LR0.0005,HMM,2,2,performer,False,absolute,True,1,2,16,0.0005,1.011756,1.014035,1.011756,0.723894
HMM_V2_O2,L1_H1_D16_performer_AttnOnlyFalse_PE-absolute_ResFalse_LR0.0005,HMM,2,2,performer,False,absolute,False,1,1,16,0.0005,2.213100,2.209026,2.213100,1.863334
HMM_V2_O2,L1_H2_D16_performer_AttnOnlyFalse_PE-absolute_ResFalse_LR0.0005,HMM,2,2,performer,False,absolute,False,1,2,16,0.0005,0.758037,0.773118,0.758037,0.102921
HMM_V2_O2,L1_H1_D16_performer_AttnOnlyFalse_PE-rope_ResTrue_LR0.0005,HMM,2,2,performer,False,rope,True,1,1,16,0.0005,0.510479,0.520363,0.510479,0.007372
HMM_V2_O2,L1_H2_D16_performer_AttnOnlyFalse_PE-rope_ResTrue_LR0.0005,HMM,2,2,performer,False,rope,True,1,2,16,0.0005,0.762522,0.762949,0.762522,0.080934
HMM_V2_O2,L1_H1_D16_performer_AttnOnlyFalse_PE-rope_ResFalse_LR0.0005,HMM,2,2,performer,False,rope,False,1,1,16,0.0005,0.798348,0.795863,0.798348,0.131717
HMM_V2_O2,L1_H2_D16_performer_AttnOnlyFalse_PE-rope_ResFalse_LR0.0005,HMM,2,2,performer,False,rope,False,1,2,16,0.0005,0.528466,0.530798,0.528466,0.116489
HMM_V2_O2,L1_H1_D16_standard_AttnOnlyTrue_PE-absolute_ResTrue_LR0.0005,HMM,2,2,standard,True,absolute,True,1,1,16,0.0005,0.617207,0.616906,0.617207,0.039229
HMM_V2_O2,L1_H2_D16_standard_AttnOnlyTrue_PE-absolute_ResTrue_LR0.0005,HMM,2,2,standard,True,absolute,True,1,2,16,0.0005,0.664372,0.649543,0.664372,0.027899
HMM_V2_O2,L1_H1_D16_standard_AttnOnlyTrue_PE-absolute_ResFalse_LR0.0005,HMM,2,2,standard,True,absolute,False,1,1,16,0.0005,1.309943,1.312718,1.309943,0.769366
HMM_V2_O2,L1_H2_D16_standard_AttnOnlyTrue_PE-absolute_ResFalse_LR0.0005,HMM,2,2,standard,True,absolute,False,1,2,16,0.0005,0.777351,0.774445,0.777351,0.181426
HMM_V2_O2,L1_H1_D16_standard_AttnOnlyTrue_PE-rpe_ResTrue_LR0.0005,HMM,2,2,standard,True,rpe,True,1,1,16,0.0005,0.646886,0.645877,0.646886,0.436336
HMM_V2_O2,L1_H2_D16_standard_AttnOnlyTrue_PE-rpe_ResTrue_LR0.0005,HMM,2,2,standard,True,rpe,True,1,2,16,0.0005,0.396076,0.397080,0.396076,0.241834
HMM_V2_O2,L1_H1_D16_standard_AttnOnlyTrue_PE-rpe_ResFalse_LR0.0005,HMM,2,2,standard,True,rpe,False,1,1,16,0.0005,0.709851,0.709694,0.709851,0.290191
HMM_V2_O2,L1_H2_D16_standard_AttnOnlyTrue_PE-rpe_ResFalse_LR0.0005,HMM,2,2,standard,True,rpe,False,1,2,16,0.0005,0.701202,0.702541,0.701202,0.066005
HMM_V2_O2,L1_H1_D16_standard_AttnOnlyTrue_PE-rope_ResTrue_LR0.0005,HMM,2,2,standard,True,rope,True,1,1,16,0.0005,1.194028,1.188889,1.194028,0.621404
HMM_V2_O2,L1_H2_D16_standard_AttnOnlyTrue_PE-rope_ResTrue_LR0.0005,HMM,2,2,standard,True,rope,True,1,2,16,0.0005,0.698097,0.699264,0.698097,0.021358
HMM_V2_O2,L1_H1_D16_standard_AttnOnlyTrue_PE-rope_ResFalse_LR0.0005,HMM,2,2,standard,True,rope,False,1,1,16,0.0005,2.832363,2.826542,2.832363,2.620289
HMM_V2_O2,L1_H2_D16_standard_AttnOnlyTrue_PE-rope_ResFalse_LR0.0005,HMM,2,2,standard,True,rope,False,1,2,16,0.0005,1.101582,1.119519,1.101582,0.466926
HMM_V2_O2,L1_H1_D16_standard_AttnOnlyFalse_PE-absolute_ResTrue_LR0.0005,HMM,2,2,standard,False,absolute,True,1,1,16,0.0005,0.536507,0.531641,0.536507,0.004176
HMM_V2_O2,L1_H2_D16_standard_AttnOnlyFalse_PE-absolute_ResTrue_LR0.0005,HMM,2,2,standard,False,absolute,True,1,2,16,0.0005,0.420957,0.418307,0.420957,0.023213
HMM_V2_O2,L1_H1_D16_standard_AttnOnlyFalse_PE-absolute_ResFalse_LR0.0005,HMM,2,2,standard,False,absolute,False,1,1,16,0.0005,1.261977,1.276078,1.261977,0.740536
HMM_V2_O2,L1_H2_D16_standard_AttnOnlyFalse_PE-absolute_ResFalse_LR0.0005,HMM,2,2,standard,False,absolute,False,1,2,16,0.0005,0.691679,0.692057,0.691679,0.016919
HMM_V2_O2,L1_H1_D16_standard_AttnOnlyFalse_PE-rpe_ResTrue_LR0.0005,HMM,2,2,standard,False,rpe,True,1,1,16,0.0005,0.291345,0.303485,0.291345,0.051814
HMM_V2_O2,L1_H2_D16_standard_AttnOnlyFalse_PE-rpe_ResTrue_LR0.0005,HMM,2,2,standard,False,rpe,True,1,2,16,0.0005,0.810399,0.812029,0.810399,0.159943
HMM_V2_O2,L1_H1_D16_standard_AttnOnlyFalse_PE-rpe_ResFalse_LR0.0005,HMM,2,2,standard,False,rpe,False,1,1,16,0.0005,0.797999,0.807610,0.797999,0.134532
HMM_V2_O2,L1_H2_D16_standard_AttnOnlyFalse_PE-rpe_ResFalse_LR0.0005,HMM,2,2,standard,False,rpe,False,1,2,16,0.0005,0.752081,0.752632,0.752081,0.245843
HMM_V2_O2,L1_H1_D16_standard_AttnOnlyFalse_PE-rope_ResTrue_LR0.0005,HMM,2,2,standard,False,rope,True,1,1,16,0.0005,0.630195,0.632136,0.630195,0.010828
HMM_V2_O2,L1_H2_D16_standard_AttnOnlyFalse_PE-rope_ResTrue_LR0.0005,HMM,2,2,standard,False,rope,True,1,2,16,0.0005,0.673156,0.663543,0.673156,0.012908
HMM_V2_O2,L1_H1_D16_standard_AttnOnlyFalse_PE-rope_ResFalse_LR0.0005,HMM,2,2,standard,False,rope,False,1,1,16,0.0005,1.072467,1.060537,1.072467,0.424374
HMM_V2_O2,L1_H2_D16_standard_AttnOnlyFalse_PE-rope_ResFalse_LR0.0005,HMM,2,2,standard,False,rope,False,1,2,16,0.0005,0.677814,0.677856,0.677814,0.026679
HMM_V2_O2,L1_H1_D16_linear_AttnOnlyTrue_PE-absolute_ResTrue_LR0.0005,HMM,2,2,linear,True,absolute,True,1,1,16,0.0005,0.794133,0.795279,0.794133,0.141943
HMM_V2_O2,L1_H2_D16_linear_AttnOnlyTrue_PE-absolute_ResTrue_LR0.0005,HMM,2,2,linear,True,absolute,True,1,2,16,0.0005,1.146497,1.162819,1.146497,0.484062
HMM_V2_O2,L1_H1_D16_linear_AttnOnlyTrue_PE-absolute_ResFalse_LR0.0005,HMM,2,2,linear,True,absolute,False,1,1,16,0.0005,0.667565,0.668288,0.667565,0.186129
HMM_V2_O2,L1_H2_D16_linear_AttnOnlyTrue_PE-absolute_ResFalse_LR0.0005,HMM,2,2,linear,True,absolute,False,1,2,16,0.0005,0.905604,0.899708,0.905604,0.298644
HMM_V2_O2,L1_H1_D16_linear_AttnOnlyTrue_PE-rope_ResTrue_LR0.0005,HMM,2,2,linear,True,rope,True,1,1,16,0.0005,0.504308,0.502783,0.504308,0.033139
HMM_V2_O2,L1_H2_D16_linear_AttnOnlyTrue_PE-rope_ResTrue_LR0.0005,HMM,2,2,linear,True,rope,True,1,2,16,0.0005,0.823290,0.826660,0.823290,0.157652
HMM_V2_O2,L1_H1_D16_linear_AttnOnlyTrue_PE-rope_ResFalse_LR0.0005,HMM,2,2,linear,True,rope,False,1,1,16,0.0005,0.790077,0.796944,0.790077,0.119318
HMM_V2_O2,L1_H2_D16_linear_AttnOnlyTrue_PE-rope_ResFalse_LR0.0005,HMM,2,2,linear,True,rope,False,1,2,16,0.0005,0.711857,0.716837,0.711857,0.094189
HMM_V2_O2,L1_H1_D16_linear_AttnOnlyFalse_PE-absolute_ResTrue_LR0.0005,HMM,2,2,linear,False,absolute,True,1,1,16,0.0005,0.646822,0.643838,0.646822,0.041525
HMM_V2_O2,L1_H2_D16_linear_AttnOnlyFalse_PE-absolute_ResTrue_LR0.0005,HMM,2,2,linear,False,absolute,True,1,2,16,0.0005,0.702763,0.703483,0.702763,0.057327
HMM_V2_O2,L1_H1_D16_linear_AttnOnlyFalse_PE-absolute_ResFalse_LR0.0005,HMM,2,2,linear,False,absolute,False,1,1,16,0.0005,1.967016,1.959238,1.967016,1.409288
HMM_V2_O2,L1_H2_D16_linear_AttnOnlyFalse_PE-absolute_ResFalse_LR0.0005,HMM,2,2,linear,False,absolute,False,1,2,16,0.0005,0.754967,0.754745,0.754967,0.076793
HMM_V2_O2,L1_H1_D16_linear_AttnOnlyFalse_PE-rope_ResTrue_LR0.0005,HMM,2,2,linear,False,rope,True,1,1,16,0.0005,0.814061,0.801475,0.814061,0.253456
HMM_V2_O2,L1_H2_D16_linear_AttnOnlyFalse_PE-rope_ResTrue_LR0.0005,HMM,2,2,linear,False,rope,True,1,2,16,0.0005,0.795977,0.794190,0.795977,0.210451
HMM_V2_O2,L1_H1_D16_linear_AttnOnlyFalse_PE-rope_ResFalse_LR0.0005,HMM,2,2,linear,False,rope,False,1,1,16,0.0005,0.634081,0.640633,0.634081,0.009305
HMM_V2_O2,L1_H2_D16_linear_AttnOnlyFalse_PE-rope_ResFalse_LR0.0005,HMM,2,2,linear,False,rope,False,1,2,16,0.0005,2.495006,2.460184,2.495006,2.003357
HMM_V2_O1,L2_H1_D16_performer_AttnOnlyTrue_PE-absolute_ResTrue_LR0.0005,HMM,2,1,performer,True,absolute,True,2,1,16,0.0005,0.790410,0.789119,0.790410,0.189626
HMM_V2_O1,L2_H2_D16_performer_AttnOnlyTrue_PE-absolute_ResTrue_LR0.0005,HMM,2,1,performer,True,absolute,True,2,2,16,0.0005,0.628324,0.625702,0.628324,0.012737
HMM_V2_O1,L2_H1_D16_performer_AttnOnlyTrue_PE-absolute_ResFalse_LR0.0005,HMM,2,1,performer,True,absolute,False,2,1,16,0.0005,0.651479,0.651291,0.651479,0.095745
HMM_V2_O1,L2_H2_D16_performer_AttnOnlyTrue_PE-absolute_ResFalse_LR0.0005,HMM,2,1,performer,True,absolute,False,2,2,16,0.0005,0.694108,0.672323,0.694108,0.043691
HMM_V2_O1,L2_H1_D16_performer_AttnOnlyTrue_PE-rope_ResTrue_LR0.0005,HMM,2,1,performer,True,rope,True,2,1,16,0.0005,1.492216,1.481775,1.492216,0.877363
HMM_V2_O1,L2_H2_D16_performer_AttnOnlyTrue_PE-rope_ResTrue_LR0.0005,HMM,2,1,performer,True,rope,True,2,2,16,0.0005,0.539790,0.539488,0.539790,0.197469
HMM_V2_O1,L2_H1_D16_performer_AttnOnlyTrue_PE-rope_ResFalse_LR0.0005,HMM,2,1,performer,True,rope,False,2,1,16,0.0005,0.546129,0.546402,0.546129,0.089716
HMM_V2_O1,L2_H2_D16_performer_AttnOnlyTrue_PE-rope_ResFalse_LR0.0005,HMM,2,1,performer,True,rope,False,2,2,16,0.0005,0.616346,0.617804,0.616346,0.087222
HMM_V2_O1,L2_H1_D16_performer_AttnOnlyFalse_PE-absolute_ResTrue_LR0.0005,HMM,2,1,performer,False,absolute,True,2,1,16,0.0005,0.571064,0.575454,0.571064,0.047364
HMM_V2_O1,L2_H2_D16_performer_AttnOnlyFalse_PE-absolute_ResTrue_LR0.0005,HMM,2,1,performer,False,absolute,True,2,2,16,0.0005,0.879201,0.886264,0.879201,0.246674
HMM_V2_O1,L2_H1_D16_performer_AttnOnlyFalse_PE-absolute_ResFalse_LR0.0005,HMM,2,1,performer,False,absolute,False,2,1,16,0.0005,0.689856,0.684039,0.689856,0.029653
HMM_V2_O1,L2_H2_D16_performer_AttnOnlyFalse_PE-absolute_ResFalse_LR0.0005,HMM,2,1,performer,False,absolute,False,2,2,16,0.0005,1.005782,1.008665,1.005782,0.412331
HMM_V2_O1,L2_H1_D16_performer_AttnOnlyFalse_PE-rope_ResTrue_LR0.0005,HMM,2,1,performer,False,rope,True,2,1,16,0.0005,1.246892,1.257105,1.246892,0.655717
HMM_V2_O1,L2_H2_D16_performer_AttnOnlyFalse_PE-rope_ResTrue_LR0.0005,HMM,2,1,performer,False,rope,True,2,2,16,0.0005,0.664784,0.663409,0.664784,0.011948
HMM_V2_O1,L2_H1_D16_performer_AttnOnlyFalse_PE-rope_ResFalse_LR0.0005,HMM,2,1,performer,False,rope,False,2,1,16,0.0005,0.276424,0.282144,0.276424,0.050425
HMM_V2_O1,L2_H2_D16_performer_AttnOnlyFalse_PE-rope_ResFalse_LR0.0005,HMM,2,1,performer,False,rope,False,2,2,16,0.0005,0.621966,0.629122,0.621966,0.044955
HMM_V2_O1,L2_H1_D16_standard_AttnOnlyTrue_PE-absolute_ResTrue_LR0.0005,HMM,2,1,standard,True,absolute,True,2,1,16,0.0005,0.517092,0.521412,0.517092,0.000935
HMM_V2_O1,L2_H2_D16_standard_AttnOnlyTrue_PE-absolute_ResTrue_LR0.0005,HMM,2,1,standard,True,absolute,True,2,2,16,0.0005,0.635716,0.636147,0.635716,0.037630
HMM_V2_O1,L2_H1_D16_standard_AttnOnlyTrue_PE-absolute_ResFalse_LR0.0005,HMM,2,1,standard,True,absolute,False,2,1,16,0.0005,1.213539,1.219613,1.213539,0.649870
HMM_V2_O1,L2_H2_D16_standard_AttnOnlyTrue_PE-absolute_ResFalse_LR0.0005,HMM,2,1,standard,True,absolute,False,2,2,16,0.0005,0.610263,0.617083,0.610263,0.001522
HMM_V2_O1,L2_H1_D16_standard_AttnOnlyTrue_PE-rpe_ResTrue_LR0.0005,HMM,2,1,standard,True,rpe,True,2,1,16,0.0005,0.697617,0.697110,0.697617,0.025829
HMM_V2_O1,L2_H2_D16_standard_AttnOnlyTrue_PE-rpe_ResTrue_LR0.0005,HMM,2,1,standard,True,rpe,True,2,2,16,0.0005,0.704754,0.705662,0.704754,0.062483
HMM_V2_O1,L2_H1_D16_standard_AttnOnlyTrue_PE-rpe_ResFalse_LR0.0005,HMM,2,1,standard,True,rpe,False,2,1,16,0.0005,1.503450,1.499081,1.503449,1.009188
HMM_V2_O1,L2_H2_D16_standard_AttnOnlyTrue_PE-rpe_ResFalse_LR0.0005,HMM,2,1,standard,True,rpe,False,2,2,16,0.0005,1.109604,1.126569,1.109604,0.477102
HMM_V2_O1,L2_H1_D16_standard_AttnOnlyTrue_PE-rope_ResTrue_LR0.0005,HMM,2,1,standard,True,rope,True,2,1,16,0.0005,0.882510,0.884447,0.882510,0.217643
HMM_V2_O1,L2_H2_D16_standard_AttnOnlyTrue_PE-rope_ResTrue_LR0.0005,HMM,2,1,standard,True,rope,True,2,2,16,0.0005,1.083727,1.079089,1.083727,0.427507
HMM_V2_O1,L2_H1_D16_standard_AttnOnlyTrue_PE-rope_ResFalse_LR0.0005,HMM,2,1,standard,True,rope,False,2,1,16,0.0005,0.794963,0.798660,0.794963,0.112196
HMM_V2_O1,L2_H2_D16_standard_AttnOnlyTrue_PE-rope_ResFalse_LR0.0005,HMM,2,1,standard,True,rope,False,2,2,16,0.0005,0.563955,0.559283,0.563955,0.040740
HMM_V2_O1,L2_H1_D16_standard_AttnOnlyFalse_PE-absolute_ResTrue_LR0.0005,HMM,2,1,standard,False,absolute,True,2,1,16,0.0005,0.750850,0.755349,0.750850,0.092979
HMM_V2_O1,L2_H2_D16_standard_AttnOnlyFalse_PE-absolute_ResTrue_LR0.0005,HMM,2,1,standard,False,absolute,True,2,2,16,0.0005,0.524602,0.526818,0.524601,0.093281
HMM_V2_O1,L2_H1_D16_standard_AttnOnlyFalse_PE-absolute_ResFalse_LR0.0005,HMM,2,1,standard,False,absolute,False,2,1,16,0.0005,0.699566,0.699415,0.699565,0.097691
HMM_V2_O1,L2_H2_D16_standard_AttnOnlyFalse_PE-absolute_ResFalse_LR0.0005,HMM,2,1,standard,False,absolute,False,2,2,16,0.0005,0.870720,0.870570,0.870720,0.419382
HMM_V2_O1,L2_H1_D16_standard_AttnOnlyFalse_PE-rpe_ResTrue_LR0.0005,HMM,2,1,standard,False,rpe,True,2,1,16,0.0005,0.915969,0.917166,0.915969,0.235068
HMM_V2_O1,L2_H2_D16_standard_AttnOnlyFalse_PE-rpe_ResTrue_LR0.0005,HMM,2,1,standard,False,rpe,True,2,2,16,0.0005,0.640580,0.639501,0.640580,0.052649
HMM_V2_O1,L2_H1_D16_standard_AttnOnlyFalse_PE-rpe_ResFalse_LR0.0005,HMM,2,1,standard,False,rpe,False,2,1,16,0.0005,1.104464,1.104481,1.104464,0.603776
HMM_V2_O1,L2_H2_D16_standard_AttnOnlyFalse_PE-rpe_ResFalse_LR0.0005,HMM,2,1,standard,False,rpe,False,2,2,16,0.0005,0.690417,0.689518,0.690417,0.025680
HMM_V2_O1,L2_H1_D16_standard_AttnOnlyFalse_PE-rope_ResTrue_LR0.0005,HMM,2,1,standard,False,rope,True,2,1,16,0.0005,0.752122,0.749972,0.752122,0.299856
HMM_V2_O1,L2_H2_D16_standard_AttnOnlyFalse_PE-rope_ResTrue_LR0.0005,HMM,2,1,standard,False,rope,True,2,2,16,0.0005,0.601888,0.605070,0.601888,0.006520
HMM_V2_O1,L2_H1_D16_standard_AttnOnlyFalse_PE-rope_ResFalse_LR0.0005,HMM,2,1,standard,False,rope,False,2,1,16,0.0005,0.646206,0.645787,0.646206,0.250426
HMM_V2_O1,L2_H2_D16_standard_AttnOnlyFalse_PE-rope_ResFalse_LR0.0005,HMM,2,1,standard,False,rope,False,2,2,16,0.0005,0.679705,0.679457,0.679705,0.031105
HMM_V2_O1,L2_H1_D16_linear_AttnOnlyTrue_PE-absolute_ResTrue_LR0.0005,HMM,2,1,linear,True,absolute,True,2,1,16,0.0005,0.690267,0.690010,0.690267,0.004774
HMM_V2_O1,L2_H2_D16_linear_AttnOnlyTrue_PE-absolute_ResTrue_LR0.0005,HMM,2,1,linear,True,absolute,True,2,2,16,0.0005,0.701543,0.700816,0.701543,0.114557
HMM_V2_O1,L2_H1_D16_linear_AttnOnlyTrue_PE-absolute_ResFalse_LR0.0005,HMM,2,1,linear,True,absolute,False,2,1,16,0.0005,0.656947,0.659228,0.656947,0.057422
HMM_V2_O1,L2_H2_D16_linear_AttnOnlyTrue_PE-absolute_ResFalse_LR0.0005,HMM,2,1,linear,True,absolute,False,2,2,16,0.0005,0.885204,0.868553,0.885204,0.192705
HMM_V2_O1,L2_H1_D16_linear_AttnOnlyTrue_PE-rope_ResTrue_LR0.0005,HMM,2,1,linear,True,rope,True,2,1,16,0.0005,0.692294,0.683430,0.692294,0.055299
HMM_V2_O1,L2_H2_D16_linear_AttnOnlyTrue_PE-rope_ResTrue_LR0.0005,HMM,2,1,linear,True,rope,True,2,2,16,0.0005,0.720685,0.726999,0.720685,0.081288
HMM_V2_O1,L2_H1_D16_linear_AttnOnlyTrue_PE-rope_ResFalse_LR0.0005,HMM,2,1,linear,True,rope,False,2,1,16,0.0005,0.670140,0.671048,0.670139,0.120649
HMM_V2_O1,L2_H2_D16_linear_AttnOnlyTrue_PE-rope_ResFalse_LR0.0005,HMM,2,1,linear,True,rope,False,2,2,16,0.0005,0.721863,0.728009,0.721863,0.034863
HMM_V2_O1,L2_H1_D16_linear_AttnOnlyFalse_PE-absolute_ResTrue_LR0.0005,HMM,2,1,linear,False,absolute,True,2,1,16,0.0005,0.771901,0.775420,0.771901,0.170237
HMM_V2_O1,L2_H2_D16_linear_AttnOnlyFalse_PE-absolute_ResTrue_LR0.0005,HMM,2,1,linear,False,absolute,True,2,2,16,0.0005,0.764331,0.766435,0.764331,0.323204
HMM_V2_O1,L2_H1_D16_linear_AttnOnlyFalse_PE-absolute_ResFalse_LR0.0005,HMM,2,1,linear,False,absolute,False,2,1,16,0.0005,0.751366,0.751061,0.751366,0.217812
HMM_V2_O1,L2_H2_D16_linear_AttnOnlyFalse_PE-absolute_ResFalse_LR0.0005,HMM,2,1,linear,False,absolute,False,2,2,16,0.0005,0.754131,0.754323,0.754131,0.107657
HMM_V2_O1,L2_H1_D16_linear_AttnOnlyFalse_PE-rope_ResTrue_LR0.0005,HMM,2,1,linear,False,rope,True,2,1,16,0.0005,0.517499,0.517944,0.517499,0.081922
HMM_V2_O1,L2_H2_D16_linear_AttnOnlyFalse_PE-rope_ResTrue_LR0.0005,HMM,2,1,linear,False,rope,True,2,2,16,0.0005,1.564817,1.563770,1.564817,1.152365
HMM_V2_O1,L2_H1_D16_linear_AttnOnlyFalse_PE-rope_ResFalse_LR0.0005,HMM,2,1,linear,False,rope,False,2,1,16,0.0005,0.886145,0.888805,0.886145,0.212922
HMM_V2_O1,L2_H2_D16_linear_AttnOnlyFalse_PE-rope_ResFalse_LR0.0005,HMM,2,1,linear,False,rope,False,2,2,16,0.0005,0.227342,0.223942,0.227342,0.133991
HMM_V2_O1,L1_H1_D16_performer_AttnOnlyTrue_PE-absolute_ResTrue_LR0.0005,HMM,2,1,performer,True,absolute,True,1,1,16,0.0005,0.697494,0.694951,0.697494,0.004676
HMM_V2_O1,L1_H2_D16_performer_AttnOnlyTrue_PE-absolute_ResTrue_LR0.0005,HMM,2,1,performer,True,absolute,True,1,2,16,0.0005,0.773021,0.769316,0.773021,0.091033
HMM_V2_O1,L1_H1_D16_performer_AttnOnlyTrue_PE-absolute_ResFalse_LR0.0005,HMM,2,1,performer,True,absolute,False,1,1,16,0.0005,0.583355,0.583328,0.583355,0.314915
HMM_V2_O1,L1_H2_D16_performer_AttnOnlyTrue_PE-absolute_ResFalse_LR0.0005,HMM,2,1,performer,True,absolute,False,1,2,16,0.0005,0.789470,0.801136,0.789470,0.123744
HMM_V2_O1,L1_H1_D16_performer_AttnOnlyTrue_PE-rope_ResTrue_LR0.0005,HMM,2,1,performer,True,rope,True,1,1,16,0.0005,0.698648,0.700343,0.698648,0.151977
HMM_V2_O1,L1_H2_D16_performer_AttnOnlyTrue_PE-rope_ResTrue_LR0.0005,HMM,2,1,performer,True,rope,True,1,2,16,0.0005,0.947893,0.933469,0.947893,0.250586
HMM_V2_O1,L1_H1_D16_performer_AttnOnlyTrue_PE-rope_ResFalse_LR0.0005,HMM,2,1,performer,True,rope,False,1,1,16,0.0005,0.528587,0.523242,0.528587,0.032222
HMM_V2_O1,L1_H2_D16_performer_AttnOnlyTrue_PE-rope_ResFalse_LR0.0005,HMM,2,1,performer,True,rope,False,1,2,16,0.0005,1.765212,1.780314,1.765212,1.216477
HMM_V2_O1,L1_H1_D16_performer_AttnOnlyFalse_PE-absolute_ResTrue_LR0.0005,HMM,2,1,performer,False,absolute,True,1,1,16,0.0005,0.518449,0.502758,0.518449,0.000235
HMM_V2_O1,L1_H2_D16_performer_AttnOnlyFalse_PE-absolute_ResTrue_LR0.0005,HMM,2,1,performer,False,absolute,True,1,2,16,0.0005,0.720169,0.715603,0.720169,0.039306
HMM_V2_O1,L1_H1_D16_performer_AttnOnlyFalse_PE-absolute_ResFalse_LR0.0005,HMM,2,1,performer,False,absolute,False,1,1,16,0.0005,0.993662,1.006541,0.993662,0.319688
HMM_V2_O1,L1_H2_D16_performer_AttnOnlyFalse_PE-absolute_ResFalse_LR0.0005,HMM,2,1,performer,False,absolute,False,1,2,16,0.0005,0.653050,0.656040,0.653050,0.011395
HMM_V2_O1,L1_H1_D16_performer_AttnOnlyFalse_PE-rope_ResTrue_LR0.0005,HMM,2,1,performer,False,rope,True,1,1,16,0.0005,0.818087,0.817078,0.818087,0.608228
HMM_V2_O1,L1_H2_D16_performer_AttnOnlyFalse_PE-rope_ResTrue_LR0.0005,HMM,2,1,performer,False,rope,True,1,2,16,0.0005,0.898872,0.898839,0.898872,0.297557
HMM_V2_O1,L1_H1_D16_performer_AttnOnlyFalse_PE-rope_ResFalse_LR0.0005,HMM,2,1,performer,False,rope,False,1,1,16,0.0005,0.704629,0.705100,0.704629,0.096386
HMM_V2_O1,L1_H2_D16_performer_AttnOnlyFalse_PE-rope_ResFalse_LR0.0005,HMM,2,1,performer,False,rope,False,1,2,16,0.0005,0.881103,0.886267,0.881103,0.197454
HMM_V2_O1,L1_H1_D16_standard_AttnOnlyTrue_PE-absolute_ResTrue_LR0.0005,HMM,2,1,standard,True,absolute,True,1,1,16,0.0005,0.846848,0.853468,0.846848,0.245166
HMM_V2_O1,L1_H2_D16_standard_AttnOnlyTrue_PE-absolute_ResTrue_LR0.0005,HMM,2,1,standard,True,absolute,True,1,2,16,0.0005,0.835534,0.832709,0.835534,0.147954
HMM_V2_O1,L1_H1_D16_standard_AttnOnlyTrue_PE-absolute_ResFalse_LR0.0005,HMM,2,1,standard,True,absolute,False,1,1,16,0.0005,0.712074,0.714274,0.712074,0.148476
HMM_V2_O1,L1_H2_D16_standard_AttnOnlyTrue_PE-absolute_ResFalse_LR0.0005,HMM,2,1,standard,True,absolute,False,1,2,16,0.0005,0.628895,0.631336,0.628895,0.002282
HMM_V2_O1,L1_H1_D16_standard_AttnOnlyTrue_PE-rpe_ResTrue_LR0.0005,HMM,2,1,standard,True,rpe,True,1,1,16,0.0005,0.786836,0.782252,0.786836,0.098583
HMM_V2_O1,L1_H2_D16_standard_AttnOnlyTrue_PE-rpe_ResTrue_LR0.0005,HMM,2,1,standard,True,rpe,True,1,2,16,0.0005,0.549304,0.552831,0.549304,0.043656
HMM_V2_O1,L1_H1_D16_standard_AttnOnlyTrue_PE-rpe_ResFalse_LR0.0005,HMM,2,1,standard,True,rpe,False,1,1,16,0.0005,1.083181,1.078657,1.083181,0.513725
HMM_V2_O1,L1_H2_D16_standard_AttnOnlyTrue_PE-rpe_ResFalse_LR0.0005,HMM,2,1,standard,True,rpe,False,1,2,16,0.0005,0.693007,0.687847,0.693007,0.031609
HMM_V2_O1,L1_H1_D16_standard_AttnOnlyTrue_PE-rope_ResTrue_LR0.0005,HMM,2,1,standard,True,rope,True,1,1,16,0.0005,0.683885,0.685919,0.683885,0.046386
HMM_V2_O1,L1_H2_D16_standard_AttnOnlyTrue_PE-rope_ResTrue_LR0.0005,HMM,2,1,standard,True,rope,True,1,2,16,0.0005,0.686422,0.688288,0.686422,0.004841
HMM_V2_O1,L1_H1_D16_standard_AttnOnlyTrue_PE-rope_ResFalse_LR0.0005,HMM,2,1,standard,True,rope,False,1,1,16,0.0005,1.047570,1.066564,1.047570,0.383297
HMM_V2_O1,L1_H2_D16_standard_AttnOnlyTrue_PE-rope_ResFalse_LR0.0005,HMM,2,1,standard,True,rope,False,1,2,16,0.0005,0.666984,0.669568,0.666984,0.054455
HMM_V2_O1,L1_H1_D16_standard_AttnOnlyFalse_PE-absolute_ResTrue_LR0.0005,HMM,2,1,standard,False,absolute,True,1,1,16,0.0005,1.012060,1.013256,1.012060,0.371862
HMM_V2_O1,L1_H2_D16_standard_AttnOnlyFalse_PE-absolute_ResTrue_LR0.0005,HMM,2,1,standard,False,absolute,True,1,2,16,0.0005,0.578318,0.579173,0.578318,0.476606
HMM_V2_O1,L1_H1_D16_standard_AttnOnlyFalse_PE-absolute_ResFalse_LR0.0005,HMM,2,1,standard,False,absolute,False,1,1,16,0.0005,0.644062,0.643197,0.644062,0.211860
HMM_V2_O1,L1_H2_D16_standard_AttnOnlyFalse_PE-absolute_ResFalse_LR0.0005,HMM,2,1,standard,False,absolute,False,1,2,16,0.0005,1.258309,1.249909,1.258309,0.774185
HMM_V2_O1,L1_H1_D16_standard_AttnOnlyFalse_PE-rpe_ResTrue_LR0.0005,HMM,2,1,standard,False,rpe,True,1,1,16,0.0005,0.640537,0.644485,0.640537,0.016820
HMM_V2_O1,L1_H2_D16_standard_AttnOnlyFalse_PE-rpe_ResTrue_LR0.0005,HMM,2,1,standard,False,rpe,True,1,2,16,0.0005,0.788785,0.794453,0.788785,0.226096
HMM_V2_O1,L1_H1_D16_standard_AttnOnlyFalse_PE-rpe_ResFalse_LR0.0005,HMM,2,1,standard,False,rpe,False,1,1,16,0.0005,1.039875,1.029546,1.039875,0.375751
HMM_V2_O1,L1_H2_D16_standard_AttnOnlyFalse_PE-rpe_ResFalse_LR0.0005,HMM,2,1,standard,False,rpe,False,1,2,16,0.0005,0.673026,0.672930,0.673026,0.082399
HMM_V2_O1,L1_H1_D16_standard_AttnOnlyFalse_PE-rope_ResTrue_LR0.0005,HMM,2,1,standard,False,rope,True,1,1,16,0.0005,0.736609,0.717011,0.736609,0.071606
HMM_V2_O1,L1_H2_D16_standard_AttnOnlyFalse_PE-rope_ResTrue_LR0.0005,HMM,2,1,standard,False,rope,True,1,2,16,0.0005,0.859589,0.859156,0.859589,0.454970
HMM_V2_O1,L1_H1_D16_standard_AttnOnlyFalse_PE-rope_ResFalse_LR0.0005,HMM,2,1,standard,False,rope,False,1,1,16,0.0005,0.663557,0.659540,0.663557,0.062841
HMM_V2_O1,L1_H2_D16_standard_AttnOnlyFalse_PE-rope_ResFalse_LR0.0005,HMM,2,1,standard,False,rope,False,1,2,16,0.0005,1.073094,1.055132,1.073094,0.382832
HMM_V2_O1,L1_H1_D16_linear_AttnOnlyTrue_PE-absolute_ResTrue_LR0.0005,HMM,2,1,linear,True,absolute,True,1,1,16,0.0005,0.726748,0.729804,0.726748,0.082676
HMM_V2_O1,L1_H2_D16_linear_AttnOnlyTrue_PE-absolute_ResTrue_LR0.0005,HMM,2,1,linear,True,absolute,True,1,2,16,0.0005,0.649908,0.647385,0.649908,0.023694
HMM_V2_O1,L1_H1_D16_linear_AttnOnlyTrue_PE-absolute_ResFalse_LR0.0005,HMM,2,1,linear,True,absolute,False,1,1,16,0.0005,0.319017,0.315453,0.319017,0.024981
HMM_V2_O1,L1_H2_D16_linear_AttnOnlyTrue_PE-absolute_ResFalse_LR0.0005,HMM,2,1,linear,True,absolute,False,1,2,16,0.0005,0.705081,0.706141,0.705081,0.163443
HMM_V2_O1,L1_H1_D16_linear_AttnOnlyTrue_PE-rope_ResTrue_LR0.0005,HMM,2,1,linear,True,rope,True,1,1,16,0.0005,0.761208,0.747251,0.761208,0.066588
HMM_V2_O1,L1_H2_D16_linear_AttnOnlyTrue_PE-rope_ResTrue_LR0.0005,HMM,2,1,linear,True,rope,True,1,2,16,0.0005,0.729751,0.727436,0.729751,0.037764
HMM_V2_O1,L1_H1_D16_linear_AttnOnlyTrue_PE-rope_ResFalse_LR0.0005,HMM,2,1,linear,True,rope,False,1,1,16,0.0005,0.691324,0.685990,0.691324,0.019642
HMM_V2_O1,L1_H2_D16_linear_AttnOnlyTrue_PE-rope_ResFalse_LR0.0005,HMM,2,1,linear,True,rope,False,1,2,16,0.0005,0.797718,0.798442,0.797718,0.339691
HMM_V2_O1,L1_H1_D16_linear_AttnOnlyFalse_PE-absolute_ResTrue_LR0.0005,HMM,2,1,linear,False,absolute,True,1,1,16,0.0005,0.903438,0.901356,0.903438,0.392628
HMM_V2_O1,L1_H2_D16_linear_AttnOnlyFalse_PE-absolute_ResTrue_LR0.0005,HMM,2,1,linear,False,absolute,True,1,2,16,0.0005,0.676478,0.675237,0.676478,0.204216
HMM_V2_O1,L1_H1_D16_linear_AttnOnlyFalse_PE-absolute_ResFalse_LR0.0005,HMM,2,1,linear,False,absolute,False,1,1,16,0.0005,0.827473,0.827841,0.827473,0.145662
HMM_V2_O1,L1_H2_D16_linear_AttnOnlyFalse_PE-absolute_ResFalse_LR0.0005,HMM,2,1,linear,False,absolute,False,1,2,16,0.0005,0.941947,0.935169,0.941947,0.368645
HMM_V2_O1,L1_H1_D16_linear_AttnOnlyFalse_PE-rope_ResTrue_LR0.0005,HMM,2,1,linear,False,rope,True,1,1,16,0.0005,0.843974,0.840999,0.843974,0.443508
HMM_V2_O1,L1_H2_D16_linear_AttnOnlyFalse_PE-rope_ResTrue_LR0.0005,HMM,2,1,linear,False,rope,True,1,2,16,0.0005,0.692737,0.703395,0.692737,0.046907
HMM_V2_O1,L1_H1_D16_linear_AttnOnlyFalse_PE-rope_ResFalse_LR0.0005,HMM,2,1,linear,False,rope,False,1,1,16,0.0005,0.899292,0.899151,0.899292,0.225797
HMM_V2_O1,L1_H2_D16_linear_AttnOnlyFalse_PE-rope_ResFalse_LR0.0005,HMM,2,1,linear,False,rope,False,1,2,16,0.0005,0.408170,0.406597,0.408170,0.005705
HMM_V3_O2,L2_H1_D16_performer_AttnOnlyTrue_PE-absolute_ResTrue_LR0.0005,HMM,3,2,performer,True,absolute,True,2,1,16,0.0005,1.095570,1.091622,1.095570,0.117785
HMM_V3_O2,L2_H2_D16_performer_AttnOnlyTrue_PE-absolute_ResTrue_LR0.0005,HMM,3,2,performer,True,absolute,True,2,2,16,0.0005,1.525369,1.524097,1.525369,0.949404
HMM_V3_O2,L2_H1_D16_performer_AttnOnlyTrue_PE-absolute_ResFalse_LR0.0005,HMM,3,2,performer,True,absolute,False,2,1,16,0.0005,1.128185,1.126017,1.128185,0.128301
HMM_V3_O2,L2_H2_D16_performer_AttnOnlyTrue_PE-absolute_ResFalse_LR0.0005,HMM,3,2,performer,True,absolute,False,2,2,16,0.0005,1.125831,1.134720,1.125831,0.172699
HMM_V3_O2,L2_H1_D16_performer_AttnOnlyTrue_PE-rope_ResTrue_LR0.0005,HMM,3,2,performer,True,rope,True,2,1,16,0.0005,1.017783,1.018766,1.017783,0.162542
HMM_V3_O2,L2_H2_D16_performer_AttnOnlyTrue_PE-rope_ResTrue_LR0.0005,HMM,3,2,performer,True,rope,True,2,2,16,0.0005,1.705075,1.727677,1.705074,0.691821
HMM_V3_O2,L2_H1_D16_performer_AttnOnlyTrue_PE-rope_ResFalse_LR0.0005,HMM,3,2,performer,True,rope,False,2,1,16,0.0005,1.284957,1.276751,1.284957,0.296325
HMM_V3_O2,L2_H2_D16_performer_AttnOnlyTrue_PE-rope_ResFalse_LR0.0005,HMM,3,2,performer,True,rope,False,2,2,16,0.0005,2.163900,2.183946,2.163900,1.263196
HMM_V3_O2,L2_H1_D16_performer_AttnOnlyFalse_PE-absolute_ResTrue_LR0.0005,HMM,3,2,performer,False,absolute,True,2,1,16,0.0005,1.372790,1.379978,1.372790,0.366771
HMM_V3_O2,L2_H2_D16_performer_AttnOnlyFalse_PE-absolute_ResTrue_LR0.0005,HMM,3,2,performer,False,absolute,True,2,2,16,0.0005,1.116269,1.113934,1.116269,0.122073
HMM_V3_O2,L2_H1_D16_performer_AttnOnlyFalse_PE-absolute_ResFalse_LR0.0005,HMM,3,2,performer,False,absolute,False,2,1,16,0.0005,1.151496,1.160134,1.151495,0.376435
HMM_V3_O2,L2_H2_D16_performer_AttnOnlyFalse_PE-absolute_ResFalse_LR0.0005,HMM,3,2,performer,False,absolute,False,2,2,16,0.0005,1.105616,1.104968,1.105616,0.069937
HMM_V3_O2,L2_H1_D16_performer_AttnOnlyFalse_PE-rope_ResTrue_LR0.0005,HMM,3,2,performer,False,rope,True,2,1,16,0.0005,1.130768,1.128477,1.130768,0.051611
HMM_V3_O2,L2_H2_D16_performer_AttnOnlyFalse_PE-rope_ResTrue_LR0.0005,HMM,3,2,performer,False,rope,True,2,2,16,0.0005,1.251115,1.224642,1.251115,0.272306
HMM_V3_O2,L2_H1_D16_performer_AttnOnlyFalse_PE-rope_ResFalse_LR0.0005,HMM,3,2,performer,False,rope,False,2,1,16,0.0005,1.425018,1.451340,1.425018,0.409719
HMM_V3_O2,L2_H2_D16_performer_AttnOnlyFalse_PE-rope_ResFalse_LR0.0005,HMM,3,2,performer,False,rope,False,2,2,16,0.0005,0.894512,0.881578,0.894512,0.101234
HMM_V3_O2,L2_H1_D16_standard_AttnOnlyTrue_PE-absolute_ResTrue_LR0.0005,HMM,3,2,standard,True,absolute,True,2,1,16,0.0005,1.173394,1.166508,1.173394,0.114356
HMM_V3_O2,L2_H2_D16_standard_AttnOnlyTrue_PE-absolute_ResTrue_LR0.0005,HMM,3,2,standard,True,absolute,True,2,2,16,0.0005,0.983452,0.989421,0.983452,0.013009
HMM_V3_O2,L2_H1_D16_standard_AttnOnlyTrue_PE-absolute_ResFalse_LR0.0005,HMM,3,2,standard,True,absolute,False,2,1,16,0.0005,0.983719,0.982129,0.983719,0.129135
HMM_V3_O2,L2_H2_D16_standard_AttnOnlyTrue_PE-absolute_ResFalse_LR0.0005,HMM,3,2,standard,True,absolute,False,2,2,16,0.0005,1.024446,1.033916,1.024446,0.085160
HMM_V3_O2,L2_H1_D16_standard_AttnOnlyTrue_PE-rpe_ResTrue_LR0.0005,HMM,3,2,standard,True,rpe,True,2,1,16,0.0005,1.110510,1.118394,1.110510,0.398866
HMM_V3_O2,L2_H2_D16_standard_AttnOnlyTrue_PE-rpe_ResTrue_LR0.0005,HMM,3,2,standard,True,rpe,True,2,2,16,0.0005,1.163609,1.157741,1.163609,0.150523
HMM_V3_O2,L2_H1_D16_standard_AttnOnlyTrue_PE-rpe_ResFalse_LR0.0005,HMM,3,2,standard,True,rpe,False,2,1,16,0.0005,1.203098,1.191789,1.203098,0.265667
HMM_V3_O2,L2_H2_D16_standard_AttnOnlyTrue_PE-rpe_ResFalse_LR0.0005,HMM,3,2,standard,True,rpe,False,2,2,16,0.0005,1.079624,1.080516,1.079624,0.001417
HMM_V3_O2,L2_H1_D16_standard_AttnOnlyTrue_PE-rope_ResTrue_LR0.0005,HMM,3,2,standard,True,rope,True,2,1,16,0.0005,1.098301,1.099115,1.098301,0.147665
HMM_V3_O2,L2_H2_D16_standard_AttnOnlyTrue_PE-rope_ResTrue_LR0.0005,HMM,3,2,standard,True,rope,True,2,2,16,0.0005,1.517115,1.516311,1.517114,0.542230
HMM_V3_O2,L2_H1_D16_standard_AttnOnlyTrue_PE-rope_ResFalse_LR0.0005,HMM,3,2,standard,True,rope,False,2,1,16,0.0005,1.226603,1.223891,1.226603,0.142751
HMM_V3_O2,L2_H2_D16_standard_AttnOnlyTrue_PE-rope_ResFalse_LR0.0005,HMM,3,2,standard,True,rope,False,2,2,16,0.0005,1.238984,1.240881,1.238984,0.598336
HMM_V3_O2,L2_H1_D16_standard_AttnOnlyFalse_PE-absolute_ResTrue_LR0.0005,HMM,3,2,standard,False,absolute,True,2,1,16,0.0005,1.097792,1.098416,1.097792,0.172596
HMM_V3_O2,L2_H2_D16_standard_AttnOnlyFalse_PE-absolute_ResTrue_LR0.0005,HMM,3,2,standard,False,absolute,True,2,2,16,0.0005,1.525102,1.512486,1.525102,0.428580
HMM_V3_O2,L2_H1_D16_standard_AttnOnlyFalse_PE-absolute_ResFalse_LR0.0005,HMM,3,2,standard,False,absolute,False,2,1,16,0.0005,0.986679,0.985313,0.986679,0.212835
HMM_V3_O2,L2_H2_D16_standard_AttnOnlyFalse_PE-absolute_ResFalse_LR0.0005,HMM,3,2,standard,False,absolute,False,2,2,16,0.0005,1.678826,1.684370,1.678826,0.815526
HMM_V3_O2,L2_H1_D16_standard_AttnOnlyFalse_PE-rpe_ResTrue_LR0.0005,HMM,3,2,standard,False,rpe,True,2,1,16,0.0005,1.158889,1.134652,1.158889,0.125375
HMM_V3_O2,L2_H2_D16_standard_AttnOnlyFalse_PE-rpe_ResTrue_LR0.0005,HMM,3,2,standard,False,rpe,True,2,2,16,0.0005,1.972528,1.952853,1.972528,1.121772
HMM_V3_O2,L2_H1_D16_standard_AttnOnlyFalse_PE-rpe_ResFalse_LR0.0005,HMM,3,2,standard,False,rpe,False,2,1,16,0.0005,1.191468,1.189468,1.191468,0.164580
HMM_V3_O2,L2_H2_D16_standard_AttnOnlyFalse_PE-rpe_ResFalse_LR0.0005,HMM,3,2,standard,False,rpe,False,2,2,16,0.0005,1.374209,1.361702,1.374209,0.285388
HMM_V3_O2,L2_H1_D16_standard_AttnOnlyFalse_PE-rope_ResTrue_LR0.0005,HMM,3,2,standard,False,rope,True,2,1,16,0.0005,1.122237,1.123387,1.122237,0.108814
HMM_V3_O2,L2_H2_D16_standard_AttnOnlyFalse_PE-rope_ResTrue_LR0.0005,HMM,3,2,standard,False,rope,True,2,2,16,0.0005,1.113942,1.112812,1.113942,0.594090
HMM_V3_O2,L2_H1_D16_standard_AttnOnlyFalse_PE-rope_ResFalse_LR0.0005,HMM,3,2,standard,False,rope,False,2,1,16,0.0005,1.201647,1.206684,1.201647,0.524532
HMM_V3_O2,L2_H2_D16_standard_AttnOnlyFalse_PE-rope_ResFalse_LR0.0005,HMM,3,2,standard,False,rope,False,2,2,16,0.0005,1.324396,1.323587,1.324396,0.399828
HMM_V3_O2,L2_H1_D16_linear_AttnOnlyTrue_PE-absolute_ResTrue_LR0.0005,HMM,3,2,linear,True,absolute,True,2,1,16,0.0005,1.076186,1.075505,1.076186,0.177059
HMM_V3_O2,L2_H2_D16_linear_AttnOnlyTrue_PE-absolute_ResTrue_LR0.0005,HMM,3,2,linear,True,absolute,True,2,2,16,0.0005,1.534767,1.523846,1.534767,0.516410
HMM_V3_O2,L2_H1_D16_linear_AttnOnlyTrue_PE-absolute_ResFalse_LR0.0005,HMM,3,2,linear,True,absolute,False,2,1,16,0.0005,1.324577,1.307444,1.324577,0.330375
HMM_V3_O2,L2_H2_D16_linear_AttnOnlyTrue_PE-absolute_ResFalse_LR0.0005,HMM,3,2,linear,True,absolute,False,2,2,16,0.0005,1.322264,1.318503,1.322264,0.266030
HMM_V3_O2,L2_H1_D16_linear_AttnOnlyTrue_PE-rope_ResTrue_LR0.0005,HMM,3,2,linear,True,rope,True,2,1,16,0.0005,1.420936,1.422632,1.420936,0.562455
HMM_V3_O2,L2_H2_D16_linear_AttnOnlyTrue_PE-rope_ResTrue_LR0.0005,HMM,3,2,linear,True,rope,True,2,2,16,0.0005,1.527590,1.539788,1.527590,0.711983
HMM_V3_O2,L2_H1_D16_linear_AttnOnlyTrue_PE-rope_ResFalse_LR0.0005,HMM,3,2,linear,True,rope,False,2,1,16,0.0005,1.147974,1.147059,1.147974,0.092388
HMM_V3_O2,L2_H2_D16_linear_AttnOnlyTrue_PE-rope_ResFalse_LR0.0005,HMM,3,2,linear,True,rope,False,2,2,16,0.0005,1.076471,1.079649,1.076471,0.040690
HMM_V3_O2,L2_H1_D16_linear_AttnOnlyFalse_PE-absolute_ResTrue_LR0.0005,HMM,3,2,linear,False,absolute,True,2,1,16,0.0005,0.905887,0.907409,0.905887,0.040836
HMM_V3_O2,L2_H2_D16_linear_AttnOnlyFalse_PE-absolute_ResTrue_LR0.0005,HMM,3,2,linear,False,absolute,True,2,2,16,0.0005,1.120454,1.108518,1.120454,0.188623
HMM_V3_O2,L2_H1_D16_linear_AttnOnlyFalse_PE-absolute_ResFalse_LR0.0005,HMM,3,2,linear,False,absolute,False,2,1,16,0.0005,1.211274,1.206806,1.211274,0.277234
HMM_V3_O2,L2_H2_D16_linear_AttnOnlyFalse_PE-absolute_ResFalse_LR0.0005,HMM,3,2,linear,False,absolute,False,2,2,16,0.0005,0.951203,0.949994,0.951203,0.224793
HMM_V3_O2,L2_H1_D16_linear_AttnOnlyFalse_PE-rope_ResTrue_LR0.0005,HMM,3,2,linear,False,rope,True,2,1,16,0.0005,1.590331,1.582257,1.590331,0.559560
HMM_V3_O2,L2_H2_D16_linear_AttnOnlyFalse_PE-rope_ResTrue_LR0.0005,HMM,3,2,linear,False,rope,True,2,2,16,0.0005,1.467870,1.468223,1.467870,1.058351
HMM_V3_O2,L2_H1_D16_linear_AttnOnlyFalse_PE-rope_ResFalse_LR0.0005,HMM,3,2,linear,False,rope,False,2,1,16,0.0005,1.106516,1.098949,1.106516,0.072165
HMM_V3_O2,L2_H2_D16_linear_AttnOnlyFalse_PE-rope_ResFalse_LR0.0005,HMM,3,2,linear,False,rope,False,2,2,16,0.0005,1.206061,1.204395,1.206061,0.257536
HMM_V3_O2,L1_H1_D16_performer_AttnOnlyTrue_PE-absolute_ResTrue_LR0.0005,HMM,3,2,performer,True,absolute,True,1,1,16,0.0005,1.171706,1.174793,1.171706,0.114520
HMM_V3_O2,L1_H2_D16_performer_AttnOnlyTrue_PE-absolute_ResTrue_LR0.0005,HMM,3,2,performer,True,absolute,True,1,2,16,0.0005,1.346786,1.347879,1.346786,0.561325
HMM_V3_O2,L1_H1_D16_performer_AttnOnlyTrue_PE-absolute_ResFalse_LR0.0005,HMM,3,2,performer,True,absolute,False,1,1,16,0.0005,1.127167,1.130454,1.127167,0.100851
HMM_V3_O2,L1_H2_D16_performer_AttnOnlyTrue_PE-absolute_ResFalse_LR0.0005,HMM,3,2,performer,True,absolute,False,1,2,16,0.0005,1.173834,1.171193,1.173834,0.439268
HMM_V3_O2,L1_H1_D16_performer_AttnOnlyTrue_PE-rope_ResTrue_LR0.0005,HMM,3,2,performer,True,rope,True,1,1,16,0.0005,1.098133,1.105122,1.098133,0.107433
HMM_V3_O2,L1_H2_D16_performer_AttnOnlyTrue_PE-rope_ResTrue_LR0.0005,HMM,3,2,performer,True,rope,True,1,2,16,0.0005,1.004533,0.992622,1.004532,0.122287
HMM_V3_O2,L1_H1_D16_performer_AttnOnlyTrue_PE-rope_ResFalse_LR0.0005,HMM,3,2,performer,True,rope,False,1,1,16,0.0005,1.308126,1.315214,1.308126,0.436017
HMM_V3_O2,L1_H2_D16_performer_AttnOnlyTrue_PE-rope_ResFalse_LR0.0005,HMM,3,2,performer,True,rope,False,1,2,16,0.0005,1.004371,0.999185,1.004371,0.163992
HMM_V3_O2,L1_H1_D16_performer_AttnOnlyFalse_PE-absolute_ResTrue_LR0.0005,HMM,3,2,performer,False,absolute,True,1,1,16,0.0005,1.261939,1.257756,1.261939,0.270149
HMM_V3_O2,L1_H2_D16_performer_AttnOnlyFalse_PE-absolute_ResTrue_LR0.0005,HMM,3,2,performer,False,absolute,True,1,2,16,0.0005,1.281931,1.273343,1.281931,0.181278
HMM_V3_O2,L1_H1_D16_performer_AttnOnlyFalse_PE-absolute_ResFalse_LR0.0005,HMM,3,2,performer,False,absolute,False,1,1,16,0.0005,1.284028,1.284887,1.284028,0.517069
HMM_V3_O2,L1_H2_D16_performer_AttnOnlyFalse_PE-absolute_ResFalse_LR0.0005,HMM,3,2,performer,False,absolute,False,1,2,16,0.0005,1.077372,1.078311,1.077372,0.079827
HMM_V3_O2,L1_H1_D16_performer_AttnOnlyFalse_PE-rope_ResTrue_LR0.0005,HMM,3,2,performer,False,rope,True,1,1,16,0.0005,1.143779,1.147035,1.143779,0.145854
HMM_V3_O2,L1_H2_D16_performer_AttnOnlyFalse_PE-rope_ResTrue_LR0.0005,HMM,3,2,performer,False,rope,True,1,2,16,0.0005,1.458764,1.454515,1.458764,0.822427
HMM_V3_O2,L1_H1_D16_performer_AttnOnlyFalse_PE-rope_ResFalse_LR0.0005,HMM,3,2,performer,False,rope,False,1,1,16,0.0005,1.054554,1.062411,1.054554,0.060630
HMM_V3_O2,L1_H2_D16_performer_AttnOnlyFalse_PE-rope_ResFalse_LR0.0005,HMM,3,2,performer,False,rope,False,1,2,16,0.0005,1.320045,1.323434,1.320045,0.418526
HMM_V3_O2,L1_H1_D16_standard_AttnOnlyTrue_PE-absolute_ResTrue_LR0.0005,HMM,3,2,standard,True,absolute,True,1,1,16,0.0005,1.940368,1.940555,1.940368,1.005727
HMM_V3_O2,L1_H2_D16_standard_AttnOnlyTrue_PE-absolute_ResTrue_LR0.0005,HMM,3,2,standard,True,absolute,True,1,2,16,0.0005,1.876419,1.899876,1.876419,0.963122
HMM_V3_O2,L1_H1_D16_standard_AttnOnlyTrue_PE-absolute_ResFalse_LR0.0005,HMM,3,2,standard,True,absolute,False,1,1,16,0.0005,1.121411,1.119434,1.121411,0.197033
HMM_V3_O2,L1_H2_D16_standard_AttnOnlyTrue_PE-absolute_ResFalse_LR0.0005,HMM,3,2,standard,True,absolute,False,1,2,16,0.0005,1.011515,1.013077,1.011515,0.061088
HMM_V3_O2,L1_H1_D16_standard_AttnOnlyTrue_PE-rpe_ResTrue_LR0.0005,HMM,3,2,standard,True,rpe,True,1,1,16,0.0005,1.743701,1.747898,1.743701,1.101013
HMM_V3_O2,L1_H2_D16_standard_AttnOnlyTrue_PE-rpe_ResTrue_LR0.0005,HMM,3,2,standard,True,rpe,True,1,2,16,0.0005,1.122784,1.122351,1.122784,0.196703
HMM_V3_O2,L1_H1_D16_standard_AttnOnlyTrue_PE-rpe_ResFalse_LR0.0005,HMM,3,2,standard,True,rpe,False,1,1,16,0.0005,1.087518,1.105218,1.087518,0.568276
HMM_V3_O2,L1_H2_D16_standard_AttnOnlyTrue_PE-rpe_ResFalse_LR0.0005,HMM,3,2,standard,True,rpe,False,1,2,16,0.0005,2.589141,2.588748,2.589141,1.889771
HMM_V3_O2,L1_H1_D16_standard_AttnOnlyTrue_PE-rope_ResTrue_LR0.0005,HMM,3,2,standard,True,rope,True,1,1,16,0.0005,1.011375,0.986493,1.011375,0.061921
HMM_V3_O2,L1_H2_D16_standard_AttnOnlyTrue_PE-rope_ResTrue_LR0.0005,HMM,3,2,standard,True,rope,True,1,2,16,0.0005,1.658663,1.657967,1.658663,0.751538
HMM_V3_O2,L1_H1_D16_standard_AttnOnlyTrue_PE-rope_ResFalse_LR0.0005,HMM,3,2,standard,True,rope,False,1,1,16,0.0005,0.971594,0.977019,0.971594,0.100622
HMM_V3_O2,L1_H2_D16_standard_AttnOnlyTrue_PE-rope_ResFalse_LR0.0005,HMM,3,2,standard,True,rope,False,1,2,16,0.0005,1.362318,1.370189,1.362318,0.319428
HMM_V3_O2,L1_H1_D16_standard_AttnOnlyFalse_PE-absolute_ResTrue_LR0.0005,HMM,3,2,standard,False,absolute,True,1,1,16,0.0005,1.241534,1.245525,1.241534,0.174910
HMM_V3_O2,L1_H2_D16_standard_AttnOnlyFalse_PE-absolute_ResTrue_LR0.0005,HMM,3,2,standard,False,absolute,True,1,2,16,0.0005,0.987501,0.977187,0.987501,0.038383
HMM_V3_O2,L1_H1_D16_standard_AttnOnlyFalse_PE-absolute_ResFalse_LR0.0005,HMM,3,2,standard,False,absolute,False,1,1,16,0.0005,1.402465,1.420351,1.402465,0.366978
HMM_V3_O2,L1_H2_D16_standard_AttnOnlyFalse_PE-absolute_ResFalse_LR0.0005,HMM,3,2,standard,False,absolute,False,1,2,16,0.0005,1.213480,1.217204,1.213480,0.173332
HMM_V3_O2,L1_H1_D16_standard_AttnOnlyFalse_PE-rpe_ResTrue_LR0.0005,HMM,3,2,standard,False,rpe,True,1,1,16,0.0005,1.190748,1.191449,1.190748,0.269405
HMM_V3_O2,L1_H2_D16_standard_AttnOnlyFalse_PE-rpe_ResTrue_LR0.0005,HMM,3,2,standard,False,rpe,True,1,2,16,0.0005,0.926398,0.916969,0.926398,0.098680
HMM_V3_O2,L1_H1_D16_standard_AttnOnlyFalse_PE-rpe_ResFalse_LR0.0005,HMM,3,2,standard,False,rpe,False,1,1,16,0.0005,1.292712,1.296086,1.292711,0.341028
HMM_V3_O2,L1_H2_D16_standard_AttnOnlyFalse_PE-rpe_ResFalse_LR0.0005,HMM,3,2,standard,False,rpe,False,1,2,16,0.0005,2.120268,2.143400,2.120268,1.444206
HMM_V3_O2,L1_H1_D16_standard_AttnOnlyFalse_PE-rope_ResTrue_LR0.0005,HMM,3,2,standard,False,rope,True,1,1,16,0.0005,1.080009,1.080591,1.080009,0.075759
HMM_V3_O2,L1_H2_D16_standard_AttnOnlyFalse_PE-rope_ResTrue_LR0.0005,HMM,3,2,standard,False,rope,True,1,2,16,0.0005,1.106970,1.107195,1.106969,0.054157
HMM_V3_O2,L1_H1_D16_standard_AttnOnlyFalse_PE-rope_ResFalse_LR0.0005,HMM,3,2,standard,False,rope,False,1,1,16,0.0005,1.564972,1.544334,1.564972,0.619497
HMM_V3_O2,L1_H2_D16_standard_AttnOnlyFalse_PE-rope_ResFalse_LR0.0005,HMM,3,2,standard,False,rope,False,1,2,16,0.0005,1.158684,1.166630,1.158684,0.092537
HMM_V3_O2,L1_H1_D16_linear_AttnOnlyTrue_PE-absolute_ResTrue_LR0.0005,HMM,3,2,linear,True,absolute,True,1,1,16,0.0005,0.886133,0.858537,0.886133,0.062086
HMM_V3_O2,L1_H2_D16_linear_AttnOnlyTrue_PE-absolute_ResTrue_LR0.0005,HMM,3,2,linear,True,absolute,True,1,2,16,0.0005,1.072871,1.072831,1.072871,0.078307
HMM_V3_O2,L1_H1_D16_linear_AttnOnlyTrue_PE-absolute_ResFalse_LR0.0005,HMM,3,2,linear,True,absolute,False,1,1,16,0.0005,1.025048,1.026242,1.025048,0.193533
HMM_V3_O2,L1_H2_D16_linear_AttnOnlyTrue_PE-absolute_ResFalse_LR0.0005,HMM,3,2,linear,True,absolute,False,1,2,16,0.0005,1.458309,1.483853,1.458309,0.452884
HMM_V3_O2,L1_H1_D16_linear_AttnOnlyTrue_PE-rope_ResTrue_LR0.0005,HMM,3,2,linear,True,rope,True,1,1,16,0.0005,1.216792,1.206584,1.216792,0.181138
HMM_V3_O2,L1_H2_D16_linear_AttnOnlyTrue_PE-rope_ResTrue_LR0.0005,HMM,3,2,linear,True,rope,True,1,2,16,0.0005,1.071458,1.073187,1.071458,0.005158
HMM_V3_O2,L1_H1_D16_linear_AttnOnlyTrue_PE-rope_ResFalse_LR0.0005,HMM,3,2,linear,True,rope,False,1,1,16,0.0005,1.348220,1.341939,1.348220,0.365768
HMM_V3_O2,L1_H2_D16_linear_AttnOnlyTrue_PE-rope_ResFalse_LR0.0005,HMM,3,2,linear,True,rope,False,1,2,16,0.0005,1.269204,1.270104,1.269204,0.181087
HMM_V3_O2,L1_H1_D16_linear_AttnOnlyFalse_PE-absolute_ResTrue_LR0.0005,HMM,3,2,linear,False,absolute,True,1,1,16,0.0005,1.712542,1.691408,1.712542,0.605475
